이름,나이,성별,주소
정영희,20,남성,서울특별시 서초구 신반포로 3번길
정민수,36,여성,서울특별시 서초구 반포대로 2번길
최미영,41,남성,서울특별시 서초구 반포대로 2번길
김철수,57,남성,서울특별시 서초구 잠원로 4번길
최철수,23,여성,서울특별시 서초구 강남대로 1번길
박철수,44,여성,서울특별시 서초구 강남대로 1번길
박영희,35,남성,서울특별시 서초구 방배천로 5번길
박민수,49,여성,서울특별시 서초구 반포대로 2번길
최미영,45,여성,서울특별시 서초구 신반포로 3번길
정민수,41,여성,서울특별시 서초구 강남대로 1번길
김영희,44,남성,서울특별시 서초구 강남대로 1번길
이철수,25,남성,서울특별시 서초구 신반포로 3번길
김미영,39,여성,서울특별시 서초구 신반포로 3번길
김미영,42,여성,서울특별시 서초구 강남대로 1번길
정영희,52,여성,서울특별시 서초구 잠원로 4번길
정철수,20,남성,서울특별시 서초구 방배천로 5번길
김민수,54,여성,서울특별시 서초구 강남대로 1번길
박철수,20,여성,서울특별시 서초구 신반포로 3번길
최길동,24,여성,서울특별시 서초구 반포대로 2번길
김미영,25,남성,서울특별시 서초구 신반포로 3번길
최철수,36,여성,서울특별시 서초구 신반포로 3번길
정미영,20,여성,서울특별시 서초구 신반포로 3번길
정영희,21,여성,서울특별시 서초구 방배천로 5번길
최미영,37,여성,서울특별시 서초구 방배천로 5번길
이영희,46,남성,서울특별시 서초구 반포대로 2번길
최민수,48,여성,서울특별시 서초구 반포대로 2번길
이길동,28,여성,서울특별시 서초구 방배천로 5번길
정민수,29,남성,서울특별시 서초구 신반포로 3번길
이길동,43,남성,서울특별시 서초구 강남대로 1번길
정민수,26,남성,서울특별시 서초구 반포대로 2번길
김길동,28,남성,서울특별시 서초구 반포대로 2번길
박길동,35,여성,서울특별시 서초구 방배천로 5번길
정민수,32,여성,서울특별시 서초구 신반포로 3번길
정민수,39,여성,서울특별시 서초구 잠원로 4번길
김영희,25,여성,서울특별시 서초구 신반포로 3번길
정영희,28,남성,서울특별시 서초구 잠원로 4번길
김민수,49,남성,서울특별시 서초구 잠원로 4번길
박영희,41,여성,서울특별시 서초구 신반포로 3번길
정철수,50,여성,서울특별시 서초구 신반포로 3번길
이영희,52,여성,서울특별시 서초구 강남대로 1번길
박미영,24,남성,서울특별시 서초구 반포대로 2번길
김철수,57,여성,서울특별시 서초구 반포대로 2번길
박미영,24,여성,서울특별시 서초구 강남대로 1번길
최영희,20,여성,서울특별시 서초구 신반포로 3번길
이철수,28,남성,서울특별시 서초구 잠원로 4번길
이미영,20,남성,서울특별시 서초구 방배천로 5번길
김철수,53,여성,서울특별시 서초구 반포대로 2번길
박길동,28,여성,서울특별시 서초구 잠원로 4번길
이민수,31,여성,서울특별시 서초구 방배천로 5번길
최민수,32,남성,서울특별시 서초구 잠원로 4번길
정철수,59,여성,서울특별시 서초구 강남대로 1번길
이민수,58,남성,서울특별시 서초구 신반포로 3번길
박길동,39,남성,서울특별시 서초구 반포대로 2번길
박영희,60,남성,서울특별시 서초구 반포대로 2번길
박민수,48,남성,서울특별시 서초구 강남대로 1번길
이철수,36,여성,서울특별시 서초구 잠원로 4번길
최미영,28,남성,서울특별시 서초구 잠원로 4번길
정미영,24,여성,서울특별시 서초구 반포대로 2번길
최민수,60,남성,서울특별시 서초구 강남대로 1번길
이미영,40,여성,서울특별시 서초구 강남대로 1번길
최철수,57,여성,서울특별시 서초구 방배천로 5번길
정길동,57,남성,서울특별시 서초구 강남대로 1번길
박길동,50,여성,서울특별시 서초구 반포대로 2번길
최철수,24,여성,서울특별시 서초구 신반포로 3번길
김철수,28,여성,서울특별시 서초구 잠원로 4번길
최길동,45,남성,서울특별시 서초구 방배천로 5번길
박철수,48,남성,서울특별시 서초구 강남대로 1번길
최영희,39,남성,서울특별시 서초구 방배천로 5번길
박영희,49,남성,서울특별시 서초구 반포대로 2번길
이길동,39,남성,서울특별시 서초구 방배천로 5번길
박철수,53,여성,서울특별시 서초구 신반포로 3번길
박영희,43,여성,서울특별시 서초구 잠원로 4번길
정영희,20,남성,서울특별시 서초구 강남대로 1번길
최민수,33,여성,서울특별시 서초구 강남대로 1번길
박민수,33,여성,서울특별시 서초구 강남대로 1번길
최영희,27,여성,서울특별시 서초구 신반포로 3번길
이영희,40,여성,서울특별시 서초구 반포대로 2번길
최미영,52,남성,서울특별시 서초구 강남대로 1번길
이민수,60,여성,서울특별시 서초구 신반포로 3번길
박영희,58,여성,서울특별시 서초구 방배천로 5번길
최길동,36,남성,서울특별시 서초구 방배천로 5번길
박길동,32,남성,서울특별시 서초구 방배천로 5번길
김민수,25,여성,서울특별시 서초구 반포대로 2번길
이민수,37,여성,서울특별시 서초구 반포대로 2번길
김민수,30,남성,서울특별시 서초구 강남대로 1번길
박미영,31,여성,서울특별시 서초구 강남대로 1번길
김미영,25,여성,서울특별시 서초구 강남대로 1번길
박길동,24,남성,서울특별시 서초구 잠원로 4번길
이영희,43,여성,서울특별시 서초구 신반포로 3번길
최미영,38,남성,서울특별시 서초구 잠원로 4번길
박민수,46,여성,서울특별시 서초구 잠원로 4번길
정철수,36,여성,서울특별시 서초구 방배천로 5번길
박철수,49,남성,서울특별시 서초구 반포대로 2번길
이민수,29,남성,서울특별시 서초구 신반포로 3번길
박철수,60,여성,서울특별시 서초구 반포대로 2번길
최철수,55,남성,서울특별시 서초구 잠원로 4번길
이영희,47,남성,서울특별시 서초구 반포대로 2번길
김영희,42,남성,서울특별시 서초구 반포대로 2번길
김민수,38,남성,서울특별시 서초구 방배천로 5번길
김길동,24,남성,서울특별시 서초구 반포대로 2번길
박영희,55,남성,서울특별시 서초구 강남대로 1번길
최길동,48,여성,서울특별시 서초구 강남대로 1번길
정민수,20,여성,서울특별시 서초구 방배천로 5번길
이민수,32,여성,서울특별시 서초구 방배천로 5번길
박미영,47,여성,서울특별시 서초구 반포대로 2번길
정미영,29,남성,서울특별시 서초구 방배천로 5번길
최미영,46,남성,서울특별시 서초구 잠원로 4번길
김미영,59,여성,서울특별시 서초구 강남대로 1번길
정영희,33,여성,서울특별시 서초구 반포대로 2번길
박민수,56,여성,서울특별시 서초구 신반포로 3번길
박영희,42,여성,서울특별시 서초구 강남대로 1번길
정미영,29,남성,서울특별시 서초구 신반포로 3번길
정미영,39,여성,서울특별시 서초구 신반포로 3번길
박영희,55,여성,서울특별시 서초구 방배천로 5번길
최철수,46,남성,서울특별시 서초구 반포대로 2번길
최민수,59,여성,서울특별시 서초구 반포대로 2번길
박철수,34,여성,서울특별시 서초구 반포대로 2번길
박미영,41,여성,서울특별시 서초구 방배천로 5번길
정민수,43,여성,서울특별시 서초구 강남대로 1번길
박민수,44,여성,서울특별시 서초구 잠원로 4번길
최미영,51,여성,서울특별시 서초구 강남대로 1번길
정길동,33,남성,서울특별시 서초구 잠원로 4번길
최영희,60,남성,서울특별시 서초구 잠원로 4번길
정미영,21,남성,서울특별시 서초구 신반포로 3번길
김철수,38,여성,서울특별시 서초구 신반포로 3번길
최민수,51,남성,서울특별시 서초구 잠원로 4번길
최미영,20,여성,서울특별시 서초구 반포대로 2번길
김미영,34,여성,서울특별시 서초구 반포대로 2번길
정길동,25,남성,서울특별시 서초구 방배천로 5번길
이민수,50,여성,서울특별시 서초구 반포대로 2번길
박영희,60,여성,서울특별시 서초구 강남대로 1번길
정길동,35,남성,서울특별시 서초구 잠원로 4번길
박철수,55,여성,서울특별시 서초구 반포대로 2번길
박길동,38,여성,서울특별시 서초구 신반포로 3번길
정미영,51,여성,서울특별시 서초구 강남대로 1번길
정민수,55,여성,서울특별시 서초구 신반포로 3번길
김민수,50,여성,서울특별시 서초구 강남대로 1번길
최영희,59,여성,서울특별시 서초구 신반포로 3번길
최영희,48,여성,서울특별시 서초구 방배천로 5번길
김길동,31,남성,서울특별시 서초구 반포대로 2번길
최철수,21,남성,서울특별시 서초구 반포대로 2번길
박영희,59,여성,서울특별시 서초구 방배천로 5번길
김길동,29,남성,서울특별시 서초구 잠원로 4번길
정영희,46,여성,서울특별시 서초구 신반포로 3번길
정미영,21,여성,서울특별시 서초구 방배천로 5번길
김민수,23,남성,서울특별시 서초구 방배천로 5번길
이영희,35,남성,서울특별시 서초구 신반포로 3번길
최길동,33,남성,서울특별시 서초구 잠원로 4번길
박민수,34,여성,서울특별시 서초구 방배천로 5번길
김민수,50,남성,서울특별시 서초구 강남대로 1번길
김영희,35,여성,서울특별시 서초구 신반포로 3번길
박철수,42,여성,서울특별시 서초구 반포대로 2번길
정미영,44,여성,서울특별시 서초구 반포대로 2번길
최철수,33,남성,서울특별시 서초구 반포대로 2번길
박미영,41,남성,서울특별시 서초구 신반포로 3번길
정철수,24,남성,서울특별시 서초구 강남대로 1번길
정영희,56,남성,서울특별시 서초구 잠원로 4번길
정길동,20,남성,서울특별시 서초구 방배천로 5번길
이길동,34,여성,서울특별시 서초구 신반포로 3번길
김철수,49,여성,서울특별시 서초구 신반포로 3번길
박민수,27,여성,서울특별시 서초구 잠원로 4번길
이민수,23,여성,서울특별시 서초구 반포대로 2번길
박영희,35,여성,서울특별시 서초구 잠원로 4번길
최미영,60,여성,서울특별시 서초구 잠원로 4번길
최민수,45,여성,서울특별시 서초구 강남대로 1번길
최미영,45,여성,서울특별시 서초구 강남대로 1번길
정길동,41,남성,서울특별시 서초구 반포대로 2번길
정민수,29,남성,서울특별시 서초구 강남대로 1번길
최철수,33,여성,서울특별시 서초구 반포대로 2번길
최철수,48,여성,서울특별시 서초구 반포대로 2번길
김미영,58,여성,서울특별시 서초구 신반포로 3번길
김철수,45,남성,서울특별시 서초구 강남대로 1번길
정철수,36,남성,서울특별시 서초구 방배천로 5번길
박철수,31,남성,서울특별시 서초구 신반포로 3번길
정민수,59,여성,서울특별시 서초구 신반포로 3번길
이민수,34,남성,서울특별시 서초구 강남대로 1번길
김철수,54,여성,서울특별시 서초구 방배천로 5번길
김미영,29,남성,서울특별시 서초구 신반포로 3번길
이철수,41,남성,서울특별시 서초구 강남대로 1번길
박민수,27,여성,서울특별시 서초구 잠원로 4번길
이민수,56,남성,서울특별시 서초구 잠원로 4번길
정철수,20,남성,서울특별시 서초구 반포대로 2번길
김민수,29,남성,서울특별시 서초구 반포대로 2번길
정영희,33,남성,서울특별시 서초구 반포대로 2번길
김미영,53,여성,서울특별시 서초구 신반포로 3번길
김미영,31,여성,서울특별시 서초구 잠원로 4번길
박철수,56,남성,서울특별시 서초구 강남대로 1번길
박철수,44,여성,서울특별시 서초구 방배천로 5번길
박민수,58,여성,서울특별시 서초구 방배천로 5번길
김민수,38,여성,서울특별시 서초구 잠원로 4번길
정영희,27,여성,서울특별시 서초구 반포대로 2번길
김길동,25,여성,서울특별시 서초구 신반포로 3번길
김민수,30,여성,서울특별시 서초구 신반포로 3번길
김영희,59,남성,서울특별시 서초구 강남대로 1번길
이길동,42,여성,서울특별시 서초구 방배천로 5번길
이민수,57,여성,서울특별시 서초구 신반포로 3번길
최철수,35,남성,서울특별시 서초구 반포대로 2번길
이미영,60,여성,서울특별시 서초구 잠원로 4번길
김길동,45,여성,서울특별시 서초구 잠원로 4번길
김민수,38,여성,서울특별시 서초구 잠원로 4번길
이길동,50,남성,서울특별시 서초구 강남대로 1번길
정철수,21,여성,서울특별시 서초구 방배천로 5번길
최철수,35,남성,서울특별시 서초구 방배천로 5번길
김철수,59,여성,서울특별시 서초구 방배천로 5번길
최철수,55,남성,서울특별시 서초구 반포대로 2번길
정길동,46,여성,서울특별시 서초구 잠원로 4번길
최미영,40,남성,서울특별시 서초구 반포대로 2번길
이민수,29,여성,서울특별시 서초구 방배천로 5번길
김길동,38,남성,서울특별시 서초구 강남대로 1번길
박미영,48,남성,서울특별시 서초구 잠원로 4번길
이영희,35,여성,서울특별시 서초구 반포대로 2번길
정철수,48,남성,서울특별시 서초구 반포대로 2번길
이철수,28,여성,서울특별시 서초구 잠원로 4번길
박길동,57,여성,서울특별시 서초구 신반포로 3번길
박길동,51,여성,서울특별시 서초구 강남대로 1번길
박철수,34,남성,서울특별시 서초구 잠원로 4번길
김민수,56,남성,서울특별시 서초구 잠원로 4번길
박민수,54,남성,서울특별시 서초구 반포대로 2번길
김철수,38,남성,서울특별시 서초구 신반포로 3번길
박미영,41,남성,서울특별시 서초구 잠원로 4번길
정영희,20,여성,서울특별시 서초구 강남대로 1번길
이철수,40,남성,서울특별시 서초구 방배천로 5번길
이영희,26,남성,서울특별시 서초구 강남대로 1번길
박길동,34,여성,서울특별시 서초구 방배천로 5번길
김길동,21,남성,서울특별시 서초구 반포대로 2번길
김미영,52,여성,서울특별시 서초구 잠원로 4번길
김민수,53,여성,서울특별시 서초구 잠원로 4번길
최민수,35,남성,서울특별시 서초구 잠원로 4번길
정민수,54,남성,서울특별시 서초구 반포대로 2번길
박민수,59,여성,서울특별시 서초구 잠원로 4번길
이영희,47,여성,서울특별시 서초구 강남대로 1번길
정길동,32,남성,서울특별시 서초구 강남대로 1번길
박영희,27,남성,서울특별시 서초구 반포대로 2번길
김민수,43,남성,서울특별시 서초구 잠원로 4번길
최민수,57,남성,서울특별시 서초구 반포대로 2번길
박민수,28,여성,서울특별시 서초구 반포대로 2번길
이길동,43,여성,서울특별시 서초구 반포대로 2번길
이영희,34,남성,서울특별시 서초구 잠원로 4번길
박철수,55,여성,서울특별시 서초구 강남대로 1번길
김민수,24,남성,서울특별시 서초구 신반포로 3번길
정영희,36,여성,서울특별시 서초구 신반포로 3번길
정철수,43,남성,서울특별시 서초구 방배천로 5번길
최철수,59,남성,서울특별시 서초구 반포대로 2번길
정민수,28,여성,서울특별시 서초구 반포대로 2번길
박민수,32,남성,서울특별시 서초구 방배천로 5번길
박철수,35,여성,서울특별시 서초구 반포대로 2번길
박민수,48,남성,서울특별시 서초구 방배천로 5번길
김길동,35,여성,서울특별시 서초구 잠원로 4번길
최철수,32,여성,서울특별시 서초구 강남대로 1번길
박영희,30,남성,서울특별시 서초구 방배천로 5번길
정길동,44,남성,서울특별시 서초구 방배천로 5번길
김길동,46,남성,서울특별시 서초구 반포대로 2번길
김미영,22,여성,서울특별시 서초구 신반포로 3번길
박민수,53,남성,서울특별시 서초구 잠원로 4번길
이미영,39,남성,서울특별시 서초구 반포대로 2번길
정미영,50,남성,서울특별시 서초구 신반포로 3번길
김철수,50,여성,서울특별시 서초구 신반포로 3번길
김길동,20,여성,서울특별시 서초구 신반포로 3번길
박철수,54,여성,서울특별시 서초구 잠원로 4번길
이민수,60,남성,서울특별시 서초구 신반포로 3번길
박미영,59,여성,서울특별시 서초구 반포대로 2번길
김민수,38,남성,서울특별시 서초구 강남대로 1번길
박민수,30,여성,서울특별시 서초구 반포대로 2번길
정미영,37,여성,서울특별시 서초구 신반포로 3번길
정길동,55,여성,서울특별시 서초구 강남대로 1번길
정민수,49,남성,서울특별시 서초구 강남대로 1번길
정철수,31,남성,서울특별시 서초구 잠원로 4번길
정영희,29,여성,서울특별시 서초구 강남대로 1번길
정민수,28,여성,서울특별시 서초구 신반포로 3번길
최길동,30,남성,서울특별시 서초구 신반포로 3번길
정미영,42,여성,서울특별시 서초구 강남대로 1번길
최미영,25,여성,서울특별시 서초구 방배천로 5번길
최길동,35,여성,서울특별시 서초구 강남대로 1번길
김철수,46,여성,서울특별시 서초구 강남대로 1번길
정영희,54,남성,서울특별시 서초구 강남대로 1번길
박길동,33,남성,서울특별시 서초구 반포대로 2번길
정철수,41,여성,서울특별시 서초구 방배천로 5번길
정길동,49,여성,서울특별시 서초구 방배천로 5번길
김민수,22,남성,서울특별시 서초구 반포대로 2번길
박미영,41,남성,서울특별시 서초구 신반포로 3번길
최미영,27,여성,서울특별시 서초구 반포대로 2번길
정영희,35,남성,서울특별시 서초구 반포대로 2번길
정영희,36,여성,서울특별시 서초구 잠원로 4번길
최길동,21,여성,서울특별시 서초구 잠원로 4번길
이미영,25,여성,서울특별시 서초구 반포대로 2번길
김민수,32,남성,서울특별시 서초구 강남대로 1번길
정민수,20,남성,서울특별시 서초구 신반포로 3번길
이철수,40,여성,서울특별시 서초구 강남대로 1번길
박미영,60,여성,서울특별시 서초구 방배천로 5번길
이철수,30,여성,서울특별시 서초구 방배천로 5번길
김영희,33,여성,서울특별시 서초구 신반포로 3번길
김철수,35,남성,서울특별시 서초구 반포대로 2번길
박미영,27,여성,서울특별시 서초구 강남대로 1번길
이미영,44,남성,서울특별시 서초구 신반포로 3번길
정영희,54,남성,서울특별시 서초구 반포대로 2번길
김영희,41,남성,서울특별시 서초구 강남대로 1번길
김민수,57,여성,서울특별시 서초구 잠원로 4번길
정철수,50,여성,서울특별시 서초구 반포대로 2번길
박민수,46,여성,서울특별시 서초구 잠원로 4번길
이영희,59,여성,서울특별시 서초구 신반포로 3번길
이민수,38,남성,서울특별시 서초구 신반포로 3번길
김미영,28,남성,서울특별시 서초구 반포대로 2번길
정길동,29,남성,서울특별시 서초구 잠원로 4번길
김미영,24,남성,서울특별시 서초구 잠원로 4번길
김민수,38,여성,서울특별시 서초구 방배천로 5번길
정미영,20,여성,서울특별시 서초구 방배천로 5번길
이영희,32,여성,서울특별시 서초구 신반포로 3번길
최영희,36,남성,서울특별시 서초구 신반포로 3번길
김철수,35,여성,서울특별시 서초구 방배천로 5번길
정민수,50,여성,서울특별시 서초구 방배천로 5번길
박미영,60,남성,서울특별시 서초구 잠원로 4번길
정미영,20,남성,서울특별시 서초구 반포대로 2번길
최철수,48,여성,서울특별시 서초구 강남대로 1번길
김철수,43,남성,서울특별시 서초구 방배천로 5번길
정철수,60,여성,서울특별시 서초구 잠원로 4번길
정미영,33,남성,서울특별시 서초구 신반포로 3번길
최미영,58,남성,서울특별시 서초구 강남대로 1번길
정길동,23,여성,서울특별시 서초구 방배천로 5번길
최길동,21,여성,서울특별시 서초구 강남대로 1번길
최민수,37,남성,서울특별시 서초구 방배천로 5번길
박영희,53,여성,서울특별시 서초구 잠원로 4번길
박길동,20,남성,서울특별시 서초구 잠원로 4번길
최길동,37,남성,서울특별시 서초구 강남대로 1번길
최영희,54,남성,서울특별시 서초구 잠원로 4번길
이철수,24,여성,서울특별시 서초구 방배천로 5번길
이철수,59,여성,서울특별시 서초구 신반포로 3번길
김길동,53,남성,서울특별시 서초구 방배천로 5번길
정길동,39,여성,서울특별시 서초구 방배천로 5번길
이미영,39,여성,서울특별시 서초구 반포대로 2번길
최미영,38,여성,서울특별시 서초구 방배천로 5번길
박영희,57,여성,서울특별시 서초구 잠원로 4번길
최영희,53,남성,서울특별시 서초구 잠원로 4번길
박영희,28,남성,서울특별시 서초구 잠원로 4번길
정철수,59,여성,서울특별시 서초구 반포대로 2번길
박철수,57,남성,서울특별시 서초구 반포대로 2번길
정미영,52,남성,서울특별시 서초구 잠원로 4번길
정영희,32,여성,서울특별시 서초구 신반포로 3번길
김미영,38,여성,서울특별시 서초구 잠원로 4번길
이영희,60,여성,서울특별시 서초구 반포대로 2번길
박철수,33,여성,서울특별시 서초구 반포대로 2번길
최민수,48,남성,서울특별시 서초구 강남대로 1번길
최민수,20,남성,서울특별시 서초구 신반포로 3번길
박미영,24,남성,서울특별시 서초구 반포대로 2번길
정길동,60,남성,서울특별시 서초구 강남대로 1번길
김영희,53,남성,서울특별시 서초구 잠원로 4번길
김민수,59,남성,서울특별시 서초구 강남대로 1번길
최영희,29,여성,서울특별시 서초구 신반포로 3번길
이영희,23,여성,서울특별시 서초구 방배천로 5번길
정영희,55,여성,서울특별시 서초구 신반포로 3번길
박길동,47,남성,서울특별시 서초구 반포대로 2번길
이민수,25,남성,서울특별시 서초구 강남대로 1번길
최영희,21,여성,서울특별시 서초구 강남대로 1번길
박민수,26,여성,서울특별시 서초구 방배천로 5번길
최철수,34,남성,서울특별시 서초구 강남대로 1번길
최영희,39,남성,서울특별시 서초구 잠원로 4번길
최미영,60,남성,서울특별시 서초구 반포대로 2번길
이길동,53,남성,서울특별시 서초구 신반포로 3번길
박미영,51,여성,서울특별시 서초구 반포대로 2번길
정영희,52,남성,서울특별시 서초구 강남대로 1번길
박길동,25,남성,서울특별시 서초구 방배천로 5번길
정영희,34,여성,서울특별시 서초구 반포대로 2번길
최영희,30,남성,서울특별시 서초구 강남대로 1번길
최미영,37,남성,서울특별시 서초구 신반포로 3번길
김미영,44,남성,서울특별시 서초구 신반포로 3번길
박민수,35,여성,서울특별시 서초구 방배천로 5번길
이철수,21,여성,서울특별시 서초구 반포대로 2번길
정철수,55,남성,서울특별시 서초구 잠원로 4번길
이영희,36,여성,서울특별시 서초구 강남대로 1번길
이철수,29,남성,서울특별시 서초구 강남대로 1번길
최민수,26,남성,서울특별시 서초구 잠원로 4번길
정민수,53,남성,서울특별시 서초구 신반포로 3번길
이철수,30,여성,서울특별시 서초구 강남대로 1번길
김영희,34,여성,서울특별시 서초구 강남대로 1번길
이미영,55,남성,서울특별시 서초구 강남대로 1번길
김길동,41,여성,서울특별시 서초구 신반포로 3번길
김민수,34,남성,서울특별시 서초구 신반포로 3번길
박길동,48,남성,서울특별시 서초구 강남대로 1번길
이미영,20,여성,서울특별시 서초구 신반포로 3번길
이영희,50,남성,서울특별시 서초구 강남대로 1번길
김미영,28,남성,서울특별시 서초구 잠원로 4번길
김철수,31,여성,서울특별시 서초구 강남대로 1번길
최민수,26,남성,서울특별시 서초구 반포대로 2번길
이철수,31,여성,서울특별시 서초구 방배천로 5번길
이영희,36,여성,서울특별시 서초구 방배천로 5번길
박미영,54,여성,서울특별시 서초구 방배천로 5번길
김민수,53,남성,서울특별시 서초구 신반포로 3번길
정미영,51,남성,서울특별시 서초구 신반포로 3번길
최미영,52,남성,서울특별시 서초구 강남대로 1번길
김민수,41,여성,서울특별시 서초구 강남대로 1번길
이철수,39,여성,서울특별시 서초구 반포대로 2번길
박미영,58,여성,서울특별시 서초구 잠원로 4번길
김철수,24,남성,서울특별시 서초구 신반포로 3번길
최영희,43,여성,서울특별시 서초구 강남대로 1번길
박영희,46,여성,서울특별시 서초구 잠원로 4번길
박민수,56,여성,서울특별시 서초구 강남대로 1번길
김길동,27,여성,서울특별시 서초구 방배천로 5번길
최민수,44,여성,서울특별시 서초구 강남대로 1번길
이길동,32,여성,서울특별시 서초구 반포대로 2번길
박철수,43,남성,서울특별시 서초구 반포대로 2번길
최길동,26,여성,서울특별시 서초구 신반포로 3번길
박민수,49,남성,서울특별시 서초구 반포대로 2번길
정철수,28,남성,서울특별시 서초구 반포대로 2번길
이민수,49,여성,서울특별시 서초구 반포대로 2번길
정민수,50,여성,서울특별시 서초구 방배천로 5번길
박길동,53,남성,서울특별시 서초구 방배천로 5번길
김길동,46,여성,서울특별시 서초구 잠원로 4번길
정미영,47,남성,서울특별시 서초구 반포대로 2번길
최민수,30,남성,서울특별시 서초구 반포대로 2번길
최영희,49,여성,서울특별시 서초구 강남대로 1번길
정길동,45,남성,서울특별시 서초구 방배천로 5번길
정길동,23,여성,서울특별시 서초구 잠원로 4번길
최철수,54,여성,서울특별시 서초구 신반포로 3번길
최길동,25,여성,서울특별시 서초구 방배천로 5번길
최미영,30,남성,서울특별시 서초구 강남대로 1번길
이미영,44,남성,서울특별시 서초구 강남대로 1번길
박민수,50,남성,서울특별시 서초구 강남대로 1번길
정영희,30,여성,서울특별시 서초구 신반포로 3번길
이미영,44,남성,서울특별시 서초구 신반포로 3번길
이철수,45,남성,서울특별시 서초구 반포대로 2번길
최영희,38,여성,서울특별시 서초구 강남대로 1번길
최민수,29,여성,서울특별시 서초구 잠원로 4번길
이민수,48,여성,서울특별시 서초구 신반포로 3번길
정민수,28,여성,서울특별시 서초구 강남대로 1번길
김길동,36,남성,서울특별시 서초구 신반포로 3번길
이민수,22,여성,서울특별시 서초구 방배천로 5번길
최길동,42,여성,서울특별시 서초구 반포대로 2번길
이영희,32,여성,서울특별시 서초구 잠원로 4번길
박길동,58,여성,서울특별시 서초구 강남대로 1번길
박영희,41,남성,서울특별시 서초구 반포대로 2번길
박영희,48,남성,서울특별시 서초구 방배천로 5번길
정철수,52,남성,서울특별시 서초구 방배천로 5번길
김민수,49,여성,서울특별시 서초구 방배천로 5번길
박미영,51,남성,서울특별시 서초구 반포대로 2번길
김민수,24,여성,서울특별시 서초구 강남대로 1번길
정미영,54,여성,서울특별시 서초구 신반포로 3번길
정길동,41,남성,서울특별시 서초구 잠원로 4번길
김철수,54,여성,서울특별시 서초구 잠원로 4번길
이민수,27,남성,서울특별시 서초구 강남대로 1번길
이길동,49,여성,서울특별시 서초구 잠원로 4번길
최미영,59,여성,서울특별시 서초구 방배천로 5번길
박민수,25,여성,서울특별시 서초구 방배천로 5번길
최영희,38,남성,서울특별시 서초구 반포대로 2번길
정영희,34,여성,서울특별시 서초구 신반포로 3번길
김영희,42,남성,서울특별시 서초구 신반포로 3번길
이길동,45,여성,서울특별시 서초구 방배천로 5번길
최영희,51,남성,서울특별시 서초구 신반포로 3번길
박영희,24,남성,서울특별시 서초구 신반포로 3번길
이철수,25,여성,서울특별시 서초구 잠원로 4번길
최영희,21,남성,서울특별시 서초구 신반포로 3번길
최철수,56,남성,서울특별시 서초구 잠원로 4번길
박영희,29,여성,서울특별시 서초구 신반포로 3번길
이영희,56,남성,서울특별시 서초구 방배천로 5번길
정길동,32,여성,서울특별시 서초구 방배천로 5번길
박영희,48,남성,서울특별시 서초구 신반포로 3번길
최민수,44,여성,서울특별시 서초구 반포대로 2번길
정철수,31,남성,서울특별시 서초구 강남대로 1번길
김미영,25,여성,서울특별시 서초구 신반포로 3번길
정미영,20,남성,서울특별시 서초구 잠원로 4번길
정미영,57,남성,서울특별시 서초구 신반포로 3번길
박길동,29,여성,서울특별시 서초구 잠원로 4번길
박영희,39,남성,서울특별시 서초구 강남대로 1번길
이영희,57,여성,서울특별시 서초구 강남대로 1번길
박철수,20,남성,서울특별시 서초구 강남대로 1번길
김길동,34,여성,서울특별시 서초구 신반포로 3번길
김길동,60,여성,서울특별시 서초구 잠원로 4번길
이길동,42,남성,서울특별시 서초구 강남대로 1번길
이철수,25,남성,서울특별시 서초구 강남대로 1번길
김철수,31,여성,서울특별시 서초구 잠원로 4번길
박철수,29,여성,서울특별시 서초구 강남대로 1번길
박영희,34,여성,서울특별시 서초구 강남대로 1번길
정영희,58,여성,서울특별시 서초구 방배천로 5번길
김민수,42,여성,서울특별시 서초구 신반포로 3번길
김미영,25,여성,서울특별시 서초구 반포대로 2번길
김민수,33,남성,서울특별시 서초구 신반포로 3번길
김민수,54,남성,서울특별시 서초구 잠원로 4번길
정철수,35,남성,서울특별시 서초구 반포대로 2번길
이철수,30,여성,서울특별시 서초구 신반포로 3번길
이미영,42,여성,서울특별시 서초구 잠원로 4번길
정미영,22,남성,서울특별시 서초구 반포대로 2번길
김길동,28,여성,서울특별시 서초구 잠원로 4번길
최길동,55,여성,서울특별시 서초구 신반포로 3번길
최철수,56,남성,서울특별시 서초구 신반포로 3번길
이철수,55,여성,서울특별시 서초구 신반포로 3번길
이미영,51,남성,서울특별시 서초구 잠원로 4번길
이미영,32,여성,서울특별시 서초구 방배천로 5번길
김영희,26,여성,서울특별시 서초구 반포대로 2번길
김미영,25,여성,서울특별시 서초구 잠원로 4번길
박철수,56,여성,서울특별시 서초구 신반포로 3번길
이미영,46,남성,서울특별시 서초구 잠원로 4번길
이민수,48,여성,서울특별시 서초구 방배천로 5번길
김민수,44,여성,서울특별시 서초구 방배천로 5번길
정영희,44,여성,서울특별시 서초구 강남대로 1번길
이미영,25,여성,서울특별시 서초구 반포대로 2번길
박영희,56,여성,서울특별시 서초구 반포대로 2번길
최민수,20,남성,서울특별시 서초구 신반포로 3번길
이철수,37,여성,서울특별시 서초구 반포대로 2번길
최영희,25,여성,서울특별시 서초구 신반포로 3번길
이민수,53,남성,서울특별시 서초구 신반포로 3번길
최민수,27,여성,서울특별시 서초구 방배천로 5번길
정길동,32,남성,서울특별시 서초구 반포대로 2번길
최길동,42,여성,서울특별시 서초구 강남대로 1번길
김민수,41,남성,서울특별시 서초구 반포대로 2번길
김철수,24,여성,서울특별시 서초구 잠원로 4번길
김철수,27,여성,서울특별시 서초구 방배천로 5번길
이미영,30,여성,서울특별시 서초구 반포대로 2번길
김길동,20,남성,서울특별시 서초구 반포대로 2번길
최길동,36,남성,서울특별시 서초구 강남대로 1번길
이영희,35,남성,서울특별시 서초구 방배천로 5번길
박민수,20,남성,서울특별시 서초구 잠원로 4번길
최길동,40,남성,서울특별시 서초구 반포대로 2번길
최미영,20,남성,서울특별시 서초구 강남대로 1번길
박민수,32,남성,서울특별시 서초구 반포대로 2번길
최길동,48,여성,서울특별시 서초구 반포대로 2번길
최길동,54,남성,서울특별시 서초구 잠원로 4번길
이길동,51,여성,서울특별시 서초구 신반포로 3번길
이길동,20,남성,서울특별시 서초구 신반포로 3번길
정영희,34,남성,서울특별시 서초구 잠원로 4번길
김미영,31,남성,서울특별시 서초구 강남대로 1번길
박민수,42,여성,서울특별시 서초구 잠원로 4번길
박철수,34,여성,서울특별시 서초구 방배천로 5번길
김민수,39,남성,서울특별시 서초구 잠원로 4번길
정길동,46,여성,서울특별시 서초구 잠원로 4번길
김길동,48,여성,서울특별시 서초구 신반포로 3번길
최영희,36,여성,서울특별시 서초구 강남대로 1번길
이영희,25,남성,서울특별시 서초구 잠원로 4번길
최미영,31,남성,서울특별시 서초구 잠원로 4번길
이철수,41,여성,서울특별시 서초구 반포대로 2번길
박영희,24,여성,서울특별시 서초구 반포대로 2번길
김길동,54,여성,서울특별시 서초구 신반포로 3번길
정길동,22,여성,서울특별시 서초구 반포대로 2번길
정철수,22,여성,서울특별시 서초구 반포대로 2번길
최영희,54,여성,서울특별시 서초구 반포대로 2번길
이철수,60,여성,서울특별시 서초구 반포대로 2번길
정영희,46,남성,서울특별시 서초구 방배천로 5번길
정미영,20,남성,서울특별시 서초구 잠원로 4번길
김영희,31,남성,서울특별시 서초구 방배천로 5번길
이길동,31,여성,서울특별시 서초구 신반포로 3번길
정길동,49,여성,서울특별시 서초구 반포대로 2번길
이민수,50,여성,서울특별시 서초구 방배천로 5번길
이영희,45,여성,서울특별시 서초구 신반포로 3번길
박민수,27,여성,서울특별시 서초구 잠원로 4번길
정길동,32,남성,서울특별시 서초구 방배천로 5번길
김민수,56,남성,서울특별시 서초구 반포대로 2번길
김길동,20,여성,서울특별시 서초구 잠원로 4번길
이미영,23,여성,서울특별시 서초구 강남대로 1번길
김길동,26,여성,서울특별시 서초구 반포대로 2번길
이영희,53,남성,서울특별시 서초구 신반포로 3번길
김철수,48,남성,서울특별시 서초구 반포대로 2번길
최길동,35,여성,서울특별시 서초구 방배천로 5번길
김길동,31,여성,서울특별시 서초구 잠원로 4번길
이길동,27,여성,서울특별시 서초구 반포대로 2번길
최철수,41,여성,서울특별시 서초구 방배천로 5번길
김미영,34,여성,서울특별시 서초구 신반포로 3번길
최민수,60,남성,서울특별시 서초구 잠원로 4번길
최철수,41,여성,서울특별시 서초구 방배천로 5번길
최영희,59,여성,서울특별시 서초구 반포대로 2번길
김민수,53,남성,서울특별시 서초구 방배천로 5번길
박민수,30,여성,서울특별시 서초구 방배천로 5번길
이미영,53,여성,서울특별시 서초구 잠원로 4번길
김철수,33,여성,서울특별시 서초구 강남대로 1번길
최민수,58,여성,서울특별시 서초구 강남대로 1번길
이영희,31,남성,서울특별시 서초구 잠원로 4번길
최민수,41,여성,서울특별시 서초구 반포대로 2번길
최철수,20,여성,서울특별시 서초구 강남대로 1번길
박미영,56,남성,서울특별시 서초구 반포대로 2번길
박민수,44,남성,서울특별시 서초구 신반포로 3번길
최길동,33,여성,서울특별시 서초구 잠원로 4번길
정미영,56,남성,서울특별시 서초구 반포대로 2번길
박민수,55,여성,서울특별시 서초구 방배천로 5번길
정미영,37,남성,서울특별시 서초구 반포대로 2번길
이민수,40,여성,서울특별시 서초구 방배천로 5번길
이길동,43,여성,서울특별시 서초구 강남대로 1번길
이민수,48,여성,서울특별시 서초구 신반포로 3번길
정길동,27,여성,서울특별시 서초구 잠원로 4번길
박민수,53,여성,서울특별시 서초구 신반포로 3번길
최민수,23,남성,서울특별시 서초구 잠원로 4번길
김미영,49,남성,서울특별시 서초구 강남대로 1번길
최영희,57,여성,서울특별시 서초구 방배천로 5번길
김민수,41,여성,서울특별시 서초구 반포대로 2번길
최영희,25,남성,서울특별시 서초구 반포대로 2번길
박철수,52,여성,서울특별시 서초구 반포대로 2번길
이미영,45,남성,서울특별시 서초구 신반포로 3번길
이길동,40,남성,서울특별시 서초구 잠원로 4번길
박철수,21,남성,서울특별시 서초구 신반포로 3번길
김철수,44,여성,서울특별시 서초구 잠원로 4번길
정영희,46,여성,서울특별시 서초구 잠원로 4번길
김영희,24,여성,서울특별시 서초구 잠원로 4번길
이민수,36,남성,서울특별시 서초구 신반포로 3번길
이미영,52,여성,서울특별시 서초구 신반포로 3번길
이길동,20,여성,서울특별시 서초구 방배천로 5번길
이영희,33,여성,서울특별시 서초구 반포대로 2번길
박민수,57,여성,서울특별시 서초구 강남대로 1번길
박철수,29,여성,서울특별시 서초구 방배천로 5번길
김민수,58,남성,서울특별시 서초구 신반포로 3번길
이영희,33,여성,서울특별시 서초구 방배천로 5번길
이영희,39,여성,서울특별시 서초구 강남대로 1번길
김길동,26,여성,서울특별시 서초구 잠원로 4번길
이철수,25,여성,서울특별시 서초구 강남대로 1번길
박길동,44,여성,서울특별시 서초구 강남대로 1번길
김미영,26,여성,서울특별시 서초구 반포대로 2번길
김민수,60,남성,서울특별시 서초구 강남대로 1번길
박영희,40,남성,서울특별시 서초구 신반포로 3번길
최철수,43,여성,서울특별시 서초구 방배천로 5번길
정영희,37,남성,서울특별시 서초구 반포대로 2번길
박철수,30,여성,서울특별시 서초구 강남대로 1번길
최민수,58,여성,서울특별시 서초구 잠원로 4번길
이길동,21,여성,서울특별시 서초구 방배천로 5번길
최영희,53,여성,서울특별시 서초구 강남대로 1번길
최미영,59,남성,서울특별시 서초구 신반포로 3번길
이영희,46,여성,서울특별시 서초구 방배천로 5번길
최미영,39,여성,서울특별시 서초구 방배천로 5번길
이길동,26,여성,서울특별시 서초구 강남대로 1번길
김영희,36,여성,서울특별시 서초구 강남대로 1번길
이미영,33,여성,서울특별시 서초구 강남대로 1번길
정철수,44,여성,서울특별시 서초구 잠원로 4번길
박영희,38,남성,서울특별시 서초구 방배천로 5번길
박영희,37,여성,서울특별시 서초구 강남대로 1번길
정철수,47,남성,서울특별시 서초구 반포대로 2번길
이민수,24,여성,서울특별시 서초구 잠원로 4번길
이영희,38,남성,서울특별시 서초구 신반포로 3번길
정영희,49,여성,서울특별시 서초구 잠원로 4번길
박미영,29,남성,서울특별시 서초구 강남대로 1번길
김민수,49,여성,서울특별시 서초구 신반포로 3번길
이영희,57,여성,서울특별시 서초구 잠원로 4번길
최영희,29,남성,서울특별시 서초구 신반포로 3번길
김철수,52,남성,서울특별시 서초구 강남대로 1번길
김길동,54,여성,서울특별시 서초구 잠원로 4번길
이미영,22,남성,서울특별시 서초구 잠원로 4번길
정민수,55,남성,서울특별시 서초구 강남대로 1번길
이길동,58,남성,서울특별시 서초구 강남대로 1번길
정민수,56,남성,서울특별시 서초구 방배천로 5번길
최미영,53,남성,서울특별시 서초구 방배천로 5번길
박영희,25,여성,서울특별시 서초구 잠원로 4번길
김영희,60,남성,서울특별시 서초구 잠원로 4번길
이미영,53,남성,서울특별시 서초구 강남대로 1번길
김미영,37,여성,서울특별시 서초구 잠원로 4번길
박민수,47,여성,서울특별시 서초구 신반포로 3번길
박길동,27,남성,서울특별시 서초구 반포대로 2번길
박민수,33,남성,서울특별시 서초구 잠원로 4번길
최미영,30,남성,서울특별시 서초구 강남대로 1번길
이길동,32,여성,서울특별시 서초구 잠원로 4번길
정영희,33,여성,서울특별시 서초구 신반포로 3번길
정영희,52,여성,서울특별시 서초구 강남대로 1번길
최길동,25,여성,서울특별시 서초구 강남대로 1번길
이철수,31,남성,서울특별시 서초구 반포대로 2번길
정영희,33,남성,서울특별시 서초구 반포대로 2번길
최영희,57,여성,서울특별시 서초구 강남대로 1번길
정철수,46,남성,서울특별시 서초구 신반포로 3번길
최영희,42,여성,서울특별시 서초구 신반포로 3번길
박민수,59,여성,서울특별시 서초구 방배천로 5번길
김미영,42,남성,서울특별시 서초구 강남대로 1번길
정길동,47,남성,서울특별시 서초구 잠원로 4번길
이영희,45,여성,서울특별시 서초구 신반포로 3번길
김미영,46,여성,서울특별시 서초구 방배천로 5번길
김길동,23,여성,서울특별시 서초구 강남대로 1번길
박미영,38,남성,서울특별시 서초구 방배천로 5번길
최길동,28,남성,서울특별시 서초구 강남대로 1번길
박민수,47,남성,서울특별시 서초구 강남대로 1번길
박미영,34,남성,서울특별시 서초구 반포대로 2번길
이길동,29,여성,서울특별시 서초구 잠원로 4번길
이철수,43,여성,서울특별시 서초구 방배천로 5번길
최길동,38,남성,서울특별시 서초구 방배천로 5번길
이민수,50,여성,서울특별시 서초구 잠원로 4번길
박민수,44,남성,서울특별시 서초구 반포대로 2번길
박철수,51,여성,서울특별시 서초구 방배천로 5번길
박길동,40,남성,서울특별시 서초구 방배천로 5번길
박철수,28,여성,서울특별시 서초구 방배천로 5번길
김미영,23,남성,서울특별시 서초구 신반포로 3번길
이미영,52,남성,서울특별시 서초구 신반포로 3번길
최민수,56,남성,서울특별시 서초구 방배천로 5번길
이철수,29,여성,서울특별시 서초구 신반포로 3번길
박미영,26,여성,서울특별시 서초구 잠원로 4번길
최길동,55,남성,서울특별시 서초구 강남대로 1번길
박민수,49,남성,서울특별시 서초구 신반포로 3번길
김길동,39,여성,서울특별시 서초구 반포대로 2번길
최길동,37,여성,서울특별시 서초구 방배천로 5번길
이민수,58,여성,서울특별시 서초구 반포대로 2번길
박미영,24,여성,서울특별시 서초구 방배천로 5번길
김미영,31,여성,서울특별시 서초구 방배천로 5번길
정영희,45,남성,서울특별시 서초구 강남대로 1번길
정민수,39,여성,서울특별시 서초구 강남대로 1번길
박영희,57,남성,서울특별시 서초구 반포대로 2번길
정영희,22,남성,서울특별시 서초구 방배천로 5번길
이철수,35,여성,서울특별시 서초구 강남대로 1번길
김철수,39,남성,서울특별시 서초구 잠원로 4번길
김미영,56,여성,서울특별시 서초구 방배천로 5번길
박미영,33,남성,서울특별시 서초구 강남대로 1번길
정영희,56,여성,서울특별시 서초구 잠원로 4번길
정민수,57,여성,서울특별시 서초구 방배천로 5번길
정민수,21,남성,서울특별시 서초구 반포대로 2번길
김미영,29,여성,서울특별시 서초구 잠원로 4번길
김민수,21,남성,서울특별시 서초구 방배천로 5번길
김길동,39,여성,서울특별시 서초구 신반포로 3번길
최철수,58,남성,서울특별시 서초구 방배천로 5번길
박민수,31,남성,서울특별시 서초구 신반포로 3번길
김영희,24,남성,서울특별시 서초구 방배천로 5번길
박미영,43,여성,서울특별시 서초구 방배천로 5번길
이철수,47,남성,서울특별시 서초구 방배천로 5번길
정철수,49,남성,서울특별시 서초구 반포대로 2번길
정민수,53,남성,서울특별시 서초구 신반포로 3번길
이길동,60,남성,서울특별시 서초구 강남대로 1번길
이민수,26,남성,서울특별시 서초구 신반포로 3번길
최미영,56,여성,서울특별시 서초구 방배천로 5번길
이민수,29,남성,서울특별시 서초구 방배천로 5번길
이길동,47,남성,서울특별시 서초구 잠원로 4번길
정민수,31,남성,서울특별시 서초구 반포대로 2번길
이미영,29,남성,서울특별시 서초구 강남대로 1번길
최길동,33,여성,서울특별시 서초구 강남대로 1번길
정길동,49,남성,서울특별시 서초구 신반포로 3번길
최길동,33,남성,서울특별시 서초구 신반포로 3번길
정미영,44,남성,서울특별시 서초구 신반포로 3번길
정민수,45,남성,서울특별시 서초구 반포대로 2번길
이미영,24,남성,서울특별시 서초구 잠원로 4번길
박미영,53,여성,서울특별시 서초구 잠원로 4번길
김민수,36,여성,서울특별시 서초구 반포대로 2번길
이영희,57,여성,서울특별시 서초구 반포대로 2번길
김영희,60,여성,서울특별시 서초구 신반포로 3번길
최길동,40,여성,서울특별시 서초구 신반포로 3번길
이영희,36,여성,서울특별시 서초구 잠원로 4번길
김미영,48,여성,서울특별시 서초구 반포대로 2번길
정철수,25,남성,서울특별시 서초구 반포대로 2번길
최미영,41,여성,서울특별시 서초구 반포대로 2번길
최영희,40,여성,서울특별시 서초구 신반포로 3번길
이민수,31,남성,서울특별시 서초구 잠원로 4번길
이민수,21,여성,서울특별시 서초구 잠원로 4번길
김철수,32,남성,서울특별시 서초구 잠원로 4번길
최철수,28,남성,서울특별시 서초구 반포대로 2번길
이철수,38,여성,서울특별시 서초구 신반포로 3번길
김길동,45,여성,서울특별시 서초구 반포대로 2번길
정민수,36,여성,서울특별시 서초구 잠원로 4번길
박민수,55,여성,서울특별시 서초구 신반포로 3번길
박길동,37,남성,서울특별시 서초구 잠원로 4번길
김민수,31,남성,서울특별시 서초구 신반포로 3번길
김영희,46,여성,서울특별시 서초구 잠원로 4번길
정미영,23,남성,서울특별시 서초구 반포대로 2번길
최길동,29,여성,서울특별시 서초구 신반포로 3번길
박길동,54,남성,서울특별시 서초구 신반포로 3번길
김미영,51,남성,서울특별시 서초구 방배천로 5번길
박미영,36,남성,서울특별시 서초구 반포대로 2번길
김영희,29,남성,서울특별시 서초구 신반포로 3번길
김미영,33,여성,서울특별시 서초구 방배천로 5번길
김미영,44,남성,서울특별시 서초구 잠원로 4번길
김미영,24,여성,서울특별시 서초구 강남대로 1번길
이철수,52,여성,서울특별시 서초구 강남대로 1번길
정철수,45,여성,서울특별시 서초구 반포대로 2번길
최영희,24,남성,서울특별시 서초구 강남대로 1번길
박영희,52,여성,서울특별시 서초구 잠원로 4번길
최길동,55,남성,서울특별시 서초구 반포대로 2번길
최길동,60,남성,서울특별시 서초구 반포대로 2번길
김미영,29,여성,서울특별시 서초구 강남대로 1번길
최미영,26,여성,서울특별시 서초구 반포대로 2번길
이영희,37,여성,서울특별시 서초구 신반포로 3번길
이길동,23,남성,서울특별시 서초구 강남대로 1번길
이민수,33,여성,서울특별시 서초구 강남대로 1번길
최민수,48,여성,서울특별시 서초구 강남대로 1번길
최길동,36,남성,서울특별시 서초구 방배천로 5번길
정영희,46,여성,서울특별시 서초구 신반포로 3번길
최길동,37,여성,서울특별시 서초구 방배천로 5번길
정민수,57,여성,서울특별시 서초구 방배천로 5번길
정민수,39,여성,서울특별시 서초구 강남대로 1번길
이영희,26,여성,서울특별시 서초구 잠원로 4번길
김길동,30,여성,서울특별시 서초구 잠원로 4번길
박민수,45,남성,서울특별시 서초구 반포대로 2번길
정영희,57,여성,서울특별시 서초구 강남대로 1번길
최미영,24,남성,서울특별시 서초구 잠원로 4번길
김철수,54,여성,서울특별시 서초구 잠원로 4번길
최철수,54,남성,서울특별시 서초구 방배천로 5번길
이민수,58,남성,서울특별시 서초구 반포대로 2번길
김철수,41,여성,서울특별시 서초구 잠원로 4번길
이민수,22,여성,서울특별시 서초구 반포대로 2번길
최민수,59,남성,서울특별시 서초구 강남대로 1번길
정민수,50,남성,서울특별시 서초구 잠원로 4번길
최영희,52,여성,서울특별시 서초구 반포대로 2번길
이민수,31,여성,서울특별시 서초구 반포대로 2번길
김길동,50,여성,서울특별시 서초구 신반포로 3번길
이철수,42,여성,서울특별시 서초구 강남대로 1번길
정영희,55,여성,서울특별시 서초구 방배천로 5번길
최철수,58,여성,서울특별시 서초구 잠원로 4번길
이미영,42,남성,서울특별시 서초구 강남대로 1번길
김철수,30,여성,서울특별시 서초구 잠원로 4번길
박철수,27,남성,서울특별시 서초구 잠원로 4번길
이철수,43,여성,서울특별시 서초구 신반포로 3번길
이미영,44,남성,서울특별시 서초구 반포대로 2번길
최철수,54,여성,서울특별시 서초구 신반포로 3번길
김영희,58,여성,서울특별시 서초구 방배천로 5번길
정철수,35,남성,서울특별시 서초구 강남대로 1번길
최철수,37,남성,서울특별시 서초구 잠원로 4번길
박철수,54,여성,서울특별시 서초구 강남대로 1번길
정철수,39,여성,서울특별시 서초구 신반포로 3번길
최미영,25,여성,서울특별시 서초구 강남대로 1번길
이철수,59,남성,서울특별시 서초구 신반포로 3번길
이미영,36,여성,서울특별시 서초구 반포대로 2번길
이영희,48,남성,서울특별시 서초구 잠원로 4번길
김철수,30,남성,서울특별시 서초구 방배천로 5번길
김미영,35,남성,서울특별시 서초구 잠원로 4번길
최길동,20,남성,서울특별시 서초구 방배천로 5번길
정길동,22,남성,서울특별시 서초구 강남대로 1번길
박미영,46,여성,서울특별시 서초구 방배천로 5번길
정영희,22,남성,서울특별시 서초구 신반포로 3번길
박길동,54,여성,서울특별시 서초구 반포대로 2번길
정영희,33,여성,서울특별시 서초구 방배천로 5번길
김영희,34,여성,서울특별시 서초구 방배천로 5번길
최철수,29,여성,서울특별시 서초구 방배천로 5번길
정미영,23,여성,서울특별시 서초구 잠원로 4번길
이길동,53,남성,서울특별시 서초구 강남대로 1번길
정민수,52,여성,서울특별시 서초구 방배천로 5번길
이철수,30,남성,서울특별시 서초구 신반포로 3번길
이미영,38,남성,서울특별시 서초구 방배천로 5번길
최미영,54,남성,서울특별시 서초구 신반포로 3번길
박민수,57,여성,서울특별시 서초구 신반포로 3번길
정영희,41,여성,서울특별시 서초구 반포대로 2번길
이철수,49,여성,서울특별시 서초구 신반포로 3번길
이길동,48,남성,서울특별시 서초구 방배천로 5번길
정길동,37,여성,서울특별시 서초구 강남대로 1번길
박영희,39,남성,서울특별시 서초구 방배천로 5번길
정철수,48,남성,서울특별시 서초구 방배천로 5번길
정미영,35,여성,서울특별시 서초구 반포대로 2번길
박영희,58,여성,서울특별시 서초구 강남대로 1번길
최철수,33,남성,서울특별시 서초구 방배천로 5번길
최민수,50,남성,서울특별시 서초구 반포대로 2번길
최영희,29,여성,서울특별시 서초구 반포대로 2번길
김철수,42,남성,서울특별시 서초구 방배천로 5번길
박철수,44,여성,서울특별시 서초구 방배천로 5번길
박미영,29,남성,서울특별시 서초구 강남대로 1번길
김철수,47,남성,서울특별시 서초구 잠원로 4번길
정길동,30,여성,서울특별시 서초구 잠원로 4번길
최길동,36,남성,서울특별시 서초구 방배천로 5번길
이영희,29,여성,서울특별시 서초구 반포대로 2번길
정영희,57,남성,서울특별시 서초구 방배천로 5번길
최영희,53,남성,서울특별시 서초구 반포대로 2번길
김민수,36,남성,서울특별시 서초구 신반포로 3번길
박철수,40,여성,서울특별시 서초구 반포대로 2번길
최영희,59,남성,서울특별시 서초구 반포대로 2번길
정민수,33,여성,서울특별시 서초구 방배천로 5번길
김미영,57,남성,서울특별시 서초구 신반포로 3번길
김미영,40,남성,서울특별시 서초구 방배천로 5번길
박길동,52,남성,서울특별시 서초구 방배천로 5번길
정철수,49,여성,서울특별시 서초구 신반포로 3번길
정길동,44,여성,서울특별시 서초구 신반포로 3번길
최영희,37,남성,서울특별시 서초구 반포대로 2번길
정영희,25,남성,서울특별시 서초구 잠원로 4번길
최길동,52,남성,서울특별시 서초구 방배천로 5번길
박길동,35,여성,서울특별시 서초구 잠원로 4번길
이민수,38,남성,서울특별시 서초구 신반포로 3번길
최미영,37,남성,서울특별시 서초구 방배천로 5번길
김철수,24,여성,서울특별시 서초구 반포대로 2번길
최길동,20,여성,서울특별시 서초구 신반포로 3번길
김민수,52,여성,서울특별시 서초구 강남대로 1번길
최민수,57,여성,서울특별시 서초구 강남대로 1번길
김길동,53,여성,서울특별시 서초구 반포대로 2번길
정철수,60,남성,서울특별시 서초구 신반포로 3번길
최미영,20,여성,서울특별시 서초구 신반포로 3번길
김민수,27,여성,서울특별시 서초구 방배천로 5번길
최길동,35,남성,서울특별시 서초구 반포대로 2번길
이미영,37,여성,서울특별시 서초구 반포대로 2번길
정철수,51,여성,서울특별시 서초구 강남대로 1번길
박민수,59,여성,서울특별시 서초구 방배천로 5번길
김철수,33,남성,서울특별시 서초구 잠원로 4번길
이영희,41,여성,서울특별시 서초구 잠원로 4번길
정미영,43,남성,서울특별시 서초구 잠원로 4번길
김미영,55,남성,서울특별시 서초구 신반포로 3번길
최미영,38,여성,서울특별시 서초구 잠원로 4번길
김민수,48,남성,서울특별시 서초구 방배천로 5번길
김민수,20,여성,서울특별시 서초구 강남대로 1번길
박철수,54,여성,서울특별시 서초구 잠원로 4번길
박길동,49,남성,서울특별시 서초구 신반포로 3번길
이영희,23,여성,서울특별시 서초구 잠원로 4번길
정철수,33,남성,서울특별시 서초구 강남대로 1번길
이철수,26,남성,서울특별시 서초구 신반포로 3번길
최민수,21,여성,서울특별시 서초구 강남대로 1번길
박철수,53,남성,서울특별시 서초구 잠원로 4번길
박영희,47,여성,서울특별시 서초구 방배천로 5번길
김민수,44,남성,서울특별시 서초구 신반포로 3번길
박길동,48,남성,서울특별시 서초구 잠원로 4번길
김미영,36,여성,서울특별시 서초구 반포대로 2번길
김민수,44,남성,서울특별시 서초구 강남대로 1번길
이길동,37,여성,서울특별시 서초구 신반포로 3번길
김영희,39,남성,서울특별시 서초구 방배천로 5번길
정영희,30,남성,서울특별시 서초구 방배천로 5번길
정길동,21,여성,서울특별시 서초구 방배천로 5번길
김철수,37,남성,서울특별시 서초구 신반포로 3번길
최민수,35,여성,서울특별시 서초구 방배천로 5번길
김철수,24,여성,서울특별시 서초구 잠원로 4번길
김미영,58,여성,서울특별시 서초구 반포대로 2번길
이길동,51,여성,서울특별시 서초구 신반포로 3번길
정민수,34,남성,서울특별시 서초구 잠원로 4번길
정영희,50,여성,서울특별시 서초구 강남대로 1번길
최철수,26,여성,서울특별시 서초구 신반포로 3번길
이길동,43,남성,서울특별시 서초구 잠원로 4번길
정길동,22,남성,서울특별시 서초구 잠원로 4번길
이철수,39,여성,서울특별시 서초구 잠원로 4번길
최철수,31,남성,서울특별시 서초구 방배천로 5번길
이영희,23,남성,서울특별시 서초구 방배천로 5번길
이민수,52,남성,서울특별시 서초구 신반포로 3번길
박철수,36,남성,서울특별시 서초구 방배천로 5번길
김영희,56,여성,서울특별시 서초구 방배천로 5번길
김철수,39,남성,서울특별시 서초구 강남대로 1번길
최미영,59,남성,서울특별시 서초구 강남대로 1번길
최철수,26,여성,서울특별시 서초구 반포대로 2번길
김민수,51,남성,서울특별시 서초구 강남대로 1번길
최철수,27,남성,서울특별시 서초구 신반포로 3번길
최미영,38,남성,서울특별시 서초구 잠원로 4번길
박철수,27,남성,서울특별시 서초구 잠원로 4번길
최미영,55,남성,서울특별시 서초구 신반포로 3번길
정미영,24,남성,서울특별시 서초구 잠원로 4번길
최길동,53,남성,서울특별시 서초구 잠원로 4번길
최영희,21,남성,서울특별시 서초구 잠원로 4번길
박영희,44,여성,서울특별시 서초구 잠원로 4번길
이미영,39,남성,서울특별시 서초구 잠원로 4번길
최민수,56,남성,서울특별시 서초구 강남대로 1번길
김길동,49,여성,서울특별시 서초구 반포대로 2번길
최미영,58,여성,서울특별시 서초구 신반포로 3번길
박미영,48,남성,서울특별시 서초구 방배천로 5번길
정길동,44,남성,서울특별시 서초구 방배천로 5번길
이철수,54,남성,서울특별시 서초구 강남대로 1번길
정철수,43,남성,서울특별시 서초구 강남대로 1번길
이미영,23,남성,서울특별시 서초구 방배천로 5번길
정철수,26,여성,서울특별시 서초구 반포대로 2번길
이미영,23,남성,서울특별시 서초구 신반포로 3번길
정민수,27,여성,서울특별시 서초구 잠원로 4번길
이길동,37,남성,서울특별시 서초구 강남대로 1번길
정영희,57,여성,서울특별시 서초구 반포대로 2번길
정영희,42,남성,서울특별시 서초구 신반포로 3번길
김철수,54,남성,서울특별시 서초구 강남대로 1번길
김미영,21,여성,서울특별시 서초구 방배천로 5번길
김철수,20,남성,서울특별시 서초구 잠원로 4번길
김길동,40,여성,서울특별시 서초구 반포대로 2번길
이철수,45,여성,서울특별시 서초구 반포대로 2번길
김철수,59,여성,서울특별시 서초구 반포대로 2번길
이철수,43,남성,서울특별시 서초구 잠원로 4번길
김미영,35,여성,서울특별시 서초구 강남대로 1번길
김영희,45,남성,서울특별시 서초구 신반포로 3번길
정미영,55,남성,서울특별시 서초구 신반포로 3번길
정철수,21,여성,서울특별시 서초구 잠원로 4번길
정영희,20,여성,서울특별시 서초구 반포대로 2번길
박영희,53,여성,서울특별시 서초구 강남대로 1번길
최철수,30,여성,서울특별시 서초구 신반포로 3번길
정미영,42,여성,서울특별시 서초구 반포대로 2번길
이민수,20,여성,서울특별시 서초구 방배천로 5번길
김길동,55,여성,서울특별시 서초구 잠원로 4번길
최미영,51,여성,서울특별시 서초구 방배천로 5번길
이민수,58,여성,서울특별시 서초구 방배천로 5번길
박길동,29,여성,서울특별시 서초구 신반포로 3번길
김미영,35,여성,서울특별시 서초구 강남대로 1번길
이길동,25,여성,서울특별시 서초구 반포대로 2번길
김영희,54,여성,서울특별시 서초구 반포대로 2번길
이철수,36,남성,서울특별시 서초구 강남대로 1번길
이민수,58,여성,서울특별시 서초구 잠원로 4번길
박민수,38,남성,서울특별시 서초구 반포대로 2번길
박철수,24,여성,서울특별시 서초구 반포대로 2번길
이철수,42,여성,서울특별시 서초구 잠원로 4번길
김영희,42,여성,서울특별시 서초구 잠원로 4번길
최미영,54,남성,서울특별시 서초구 잠원로 4번길
최미영,52,여성,서울특별시 서초구 강남대로 1번길
정미영,27,여성,서울특별시 서초구 반포대로 2번길
김철수,51,남성,서울특별시 서초구 신반포로 3번길
정길동,38,남성,서울특별시 서초구 잠원로 4번길
최철수,38,여성,서울특별시 서초구 신반포로 3번길
정민수,57,여성,서울특별시 서초구 신반포로 3번길
김민수,21,여성,서울특별시 서초구 방배천로 5번길
최영희,23,여성,서울특별시 서초구 방배천로 5번길
최민수,28,남성,서울특별시 서초구 신반포로 3번길
이미영,26,여성,서울특별시 서초구 방배천로 5번길
최영희,56,남성,서울특별시 서초구 신반포로 3번길
김철수,56,남성,서울특별시 서초구 방배천로 5번길
김영희,53,여성,서울특별시 서초구 방배천로 5번길
최미영,35,남성,서울특별시 서초구 잠원로 4번길
정민수,55,여성,서울특별시 서초구 잠원로 4번길
정민수,46,여성,서울특별시 서초구 강남대로 1번길
정철수,56,남성,서울특별시 서초구 신반포로 3번길
최철수,27,여성,서울특별시 서초구 반포대로 2번길
최민수,34,남성,서울특별시 서초구 신반포로 3번길
이영희,31,여성,서울특별시 서초구 반포대로 2번길
이영희,59,남성,서울특별시 서초구 강남대로 1번길
최미영,57,남성,서울특별시 서초구 신반포로 3번길
박미영,43,남성,서울특별시 서초구 강남대로 1번길
박미영,50,여성,서울특별시 서초구 반포대로 2번길
최철수,48,여성,서울특별시 서초구 잠원로 4번길
박민수,45,여성,서울특별시 서초구 방배천로 5번길
박영희,48,여성,서울특별시 서초구 잠원로 4번길
박미영,22,여성,서울특별시 서초구 반포대로 2번길
이길동,23,남성,서울특별시 서초구 반포대로 2번길
최영희,56,남성,서울특별시 서초구 강남대로 1번길
최철수,58,여성,서울특별시 서초구 잠원로 4번길
이영희,57,여성,서울특별시 서초구 강남대로 1번길
이미영,47,여성,서울특별시 서초구 반포대로 2번길
박민수,44,남성,서울특별시 서초구 방배천로 5번길
최길동,21,남성,서울특별시 서초구 신반포로 3번길
최영희,58,여성,서울특별시 서초구 반포대로 2번길
최미영,54,여성,서울특별시 서초구 반포대로 2번길
정길동,58,남성,서울특별시 서초구 강남대로 1번길
박철수,44,남성,서울특별시 서초구 방배천로 5번길
김미영,52,여성,서울특별시 서초구 반포대로 2번길
정영희,33,남성,서울특별시 서초구 강남대로 1번길
박영희,46,남성,서울특별시 서초구 반포대로 2번길
박영희,42,남성,서울특별시 서초구 강남대로 1번길
박미영,23,여성,서울특별시 서초구 강남대로 1번길
박영희,28,여성,서울특별시 서초구 방배천로 5번길
박길동,24,여성,서울특별시 서초구 강남대로 1번길
박길동,31,여성,서울특별시 서초구 반포대로 2번길
